--
-- PostgreSQL database dump
--

-- Dumped from database version 15.4
-- Dumped by pg_dump version 15.4

SET statement_timeout = 0;
SET lock_timeout = 0;
SET idle_in_transaction_session_timeout = 0;
SET client_encoding = 'UTF8';
SET standard_conforming_strings = on;
SELECT pg_catalog.set_config('search_path', '', false);
SET check_function_bodies = false;
SET xmloption = content;
SET client_min_messages = warning;
SET row_security = off;

SET default_tablespace = '';

SET default_table_access_method = heap;

--
-- Name: album; Type: TABLE; Schema: public; Owner: postgres
--

CREATE TABLE public.album (
    al_alid integer NOT NULL,
    al_name character varying(64),
    al_aid integer
);


ALTER TABLE public.album OWNER TO postgres;

--
-- Name: artist; Type: TABLE; Schema: public; Owner: postgres
--

CREATE TABLE public.artist (
    a_aid integer NOT NULL,
    a_name character varying(64)
);


ALTER TABLE public.artist OWNER TO postgres;

--
-- Name: auth_group; Type: TABLE; Schema: public; Owner: postgres
--

CREATE TABLE public.auth_group (
    id integer NOT NULL,
    name character varying(150) NOT NULL
);


ALTER TABLE public.auth_group OWNER TO postgres;

--
-- Name: auth_group_id_seq; Type: SEQUENCE; Schema: public; Owner: postgres
--

ALTER TABLE public.auth_group ALTER COLUMN id ADD GENERATED BY DEFAULT AS IDENTITY (
    SEQUENCE NAME public.auth_group_id_seq
    START WITH 1
    INCREMENT BY 1
    NO MINVALUE
    NO MAXVALUE
    CACHE 1
);


--
-- Name: auth_group_permissions; Type: TABLE; Schema: public; Owner: postgres
--

CREATE TABLE public.auth_group_permissions (
    id bigint NOT NULL,
    group_id integer NOT NULL,
    permission_id integer NOT NULL
);


ALTER TABLE public.auth_group_permissions OWNER TO postgres;

--
-- Name: auth_group_permissions_id_seq; Type: SEQUENCE; Schema: public; Owner: postgres
--

ALTER TABLE public.auth_group_permissions ALTER COLUMN id ADD GENERATED BY DEFAULT AS IDENTITY (
    SEQUENCE NAME public.auth_group_permissions_id_seq
    START WITH 1
    INCREMENT BY 1
    NO MINVALUE
    NO MAXVALUE
    CACHE 1
);


--
-- Name: auth_permission; Type: TABLE; Schema: public; Owner: postgres
--

CREATE TABLE public.auth_permission (
    id integer NOT NULL,
    name character varying(255) NOT NULL,
    content_type_id integer NOT NULL,
    codename character varying(100) NOT NULL
);


ALTER TABLE public.auth_permission OWNER TO postgres;

--
-- Name: auth_permission_id_seq; Type: SEQUENCE; Schema: public; Owner: postgres
--

ALTER TABLE public.auth_permission ALTER COLUMN id ADD GENERATED BY DEFAULT AS IDENTITY (
    SEQUENCE NAME public.auth_permission_id_seq
    START WITH 1
    INCREMENT BY 1
    NO MINVALUE
    NO MAXVALUE
    CACHE 1
);


--
-- Name: auth_user; Type: TABLE; Schema: public; Owner: postgres
--

CREATE TABLE public.auth_user (
    id integer NOT NULL,
    password character varying(128) NOT NULL,
    last_login timestamp with time zone,
    is_superuser boolean NOT NULL,
    username character varying(150) NOT NULL,
    first_name character varying(150) NOT NULL,
    last_name character varying(150) NOT NULL,
    email character varying(254) NOT NULL,
    is_staff boolean NOT NULL,
    is_active boolean NOT NULL,
    date_joined timestamp with time zone NOT NULL
);


ALTER TABLE public.auth_user OWNER TO postgres;

--
-- Name: auth_user_groups; Type: TABLE; Schema: public; Owner: postgres
--

CREATE TABLE public.auth_user_groups (
    id bigint NOT NULL,
    user_id integer NOT NULL,
    group_id integer NOT NULL
);


ALTER TABLE public.auth_user_groups OWNER TO postgres;

--
-- Name: auth_user_groups_id_seq; Type: SEQUENCE; Schema: public; Owner: postgres
--

ALTER TABLE public.auth_user_groups ALTER COLUMN id ADD GENERATED BY DEFAULT AS IDENTITY (
    SEQUENCE NAME public.auth_user_groups_id_seq
    START WITH 1
    INCREMENT BY 1
    NO MINVALUE
    NO MAXVALUE
    CACHE 1
);


--
-- Name: auth_user_id_seq; Type: SEQUENCE; Schema: public; Owner: postgres
--

ALTER TABLE public.auth_user ALTER COLUMN id ADD GENERATED BY DEFAULT AS IDENTITY (
    SEQUENCE NAME public.auth_user_id_seq
    START WITH 1
    INCREMENT BY 1
    NO MINVALUE
    NO MAXVALUE
    CACHE 1
);


--
-- Name: auth_user_user_permissions; Type: TABLE; Schema: public; Owner: postgres
--

CREATE TABLE public.auth_user_user_permissions (
    id bigint NOT NULL,
    user_id integer NOT NULL,
    permission_id integer NOT NULL
);


ALTER TABLE public.auth_user_user_permissions OWNER TO postgres;

--
-- Name: auth_user_user_permissions_id_seq; Type: SEQUENCE; Schema: public; Owner: postgres
--

ALTER TABLE public.auth_user_user_permissions ALTER COLUMN id ADD GENERATED BY DEFAULT AS IDENTITY (
    SEQUENCE NAME public.auth_user_user_permissions_id_seq
    START WITH 1
    INCREMENT BY 1
    NO MINVALUE
    NO MAXVALUE
    CACHE 1
);


--
-- Name: csv; Type: TABLE; Schema: public; Owner: postgres
--

CREATE TABLE public.csv (
    id integer NOT NULL,
    name character varying(64),
    album_id integer,
    album character varying(64),
    artist_id integer,
    artists character varying(32),
    track_number integer,
    explicit boolean,
    danceability double precision
);


ALTER TABLE public.csv OWNER TO postgres;

--
-- Name: django_admin_log; Type: TABLE; Schema: public; Owner: postgres
--

CREATE TABLE public.django_admin_log (
    id integer NOT NULL,
    action_time timestamp with time zone NOT NULL,
    object_id text,
    object_repr character varying(200) NOT NULL,
    action_flag smallint NOT NULL,
    change_message text NOT NULL,
    content_type_id integer,
    user_id integer NOT NULL,
    CONSTRAINT django_admin_log_action_flag_check CHECK ((action_flag >= 0))
);


ALTER TABLE public.django_admin_log OWNER TO postgres;

--
-- Name: django_admin_log_id_seq; Type: SEQUENCE; Schema: public; Owner: postgres
--

ALTER TABLE public.django_admin_log ALTER COLUMN id ADD GENERATED BY DEFAULT AS IDENTITY (
    SEQUENCE NAME public.django_admin_log_id_seq
    START WITH 1
    INCREMENT BY 1
    NO MINVALUE
    NO MAXVALUE
    CACHE 1
);


--
-- Name: django_content_type; Type: TABLE; Schema: public; Owner: postgres
--

CREATE TABLE public.django_content_type (
    id integer NOT NULL,
    app_label character varying(100) NOT NULL,
    model character varying(100) NOT NULL
);


ALTER TABLE public.django_content_type OWNER TO postgres;

--
-- Name: django_content_type_id_seq; Type: SEQUENCE; Schema: public; Owner: postgres
--

ALTER TABLE public.django_content_type ALTER COLUMN id ADD GENERATED BY DEFAULT AS IDENTITY (
    SEQUENCE NAME public.django_content_type_id_seq
    START WITH 1
    INCREMENT BY 1
    NO MINVALUE
    NO MAXVALUE
    CACHE 1
);


--
-- Name: django_migrations; Type: TABLE; Schema: public; Owner: postgres
--

CREATE TABLE public.django_migrations (
    id bigint NOT NULL,
    app character varying(255) NOT NULL,
    name character varying(255) NOT NULL,
    applied timestamp with time zone NOT NULL
);


ALTER TABLE public.django_migrations OWNER TO postgres;

--
-- Name: django_migrations_id_seq; Type: SEQUENCE; Schema: public; Owner: postgres
--

ALTER TABLE public.django_migrations ALTER COLUMN id ADD GENERATED BY DEFAULT AS IDENTITY (
    SEQUENCE NAME public.django_migrations_id_seq
    START WITH 1
    INCREMENT BY 1
    NO MINVALUE
    NO MAXVALUE
    CACHE 1
);


--
-- Name: django_session; Type: TABLE; Schema: public; Owner: postgres
--

CREATE TABLE public.django_session (
    session_key character varying(40) NOT NULL,
    session_data text NOT NULL,
    expire_date timestamp with time zone NOT NULL
);


ALTER TABLE public.django_session OWNER TO postgres;

--
-- Name: playlist; Type: TABLE; Schema: public; Owner: postgres
--

CREATE TABLE public.playlist (
    p_pid integer NOT NULL,
    p_name character varying(64),
    p_uid integer
);


ALTER TABLE public.playlist OWNER TO postgres;

--
-- Name: playlist_p_pid_seq; Type: SEQUENCE; Schema: public; Owner: postgres
--

CREATE SEQUENCE public.playlist_p_pid_seq
    AS integer
    START WITH 1
    INCREMENT BY 1
    NO MINVALUE
    NO MAXVALUE
    CACHE 1;


ALTER TABLE public.playlist_p_pid_seq OWNER TO postgres;

--
-- Name: playlist_p_pid_seq; Type: SEQUENCE OWNED BY; Schema: public; Owner: postgres
--

ALTER SEQUENCE public.playlist_p_pid_seq OWNED BY public.playlist.p_pid;


--
-- Name: playsong; Type: TABLE; Schema: public; Owner: postgres
--

CREATE TABLE public.playsong (
    ps_pid integer NOT NULL,
    ps_sid integer NOT NULL
);


ALTER TABLE public.playsong OWNER TO postgres;

--
-- Name: song; Type: TABLE; Schema: public; Owner: postgres
--

CREATE TABLE public.song (
    s_sid integer NOT NULL,
    s_name character varying(64),
    s_tracknum integer,
    s_explicit boolean,
    s_danceability double precision,
    s_alid integer
);


ALTER TABLE public.song OWNER TO postgres;

--
-- Name: users; Type: TABLE; Schema: public; Owner: postgres
--

CREATE TABLE public.users (
    u_uid integer NOT NULL,
    u_username character varying(64),
    u_password character varying(64)
);


ALTER TABLE public.users OWNER TO postgres;

--
-- Name: users_u_uid_seq; Type: SEQUENCE; Schema: public; Owner: postgres
--

CREATE SEQUENCE public.users_u_uid_seq
    AS integer
    START WITH 1
    INCREMENT BY 1
    NO MINVALUE
    NO MAXVALUE
    CACHE 1;


ALTER TABLE public.users_u_uid_seq OWNER TO postgres;

--
-- Name: users_u_uid_seq; Type: SEQUENCE OWNED BY; Schema: public; Owner: postgres
--

ALTER SEQUENCE public.users_u_uid_seq OWNED BY public.users.u_uid;


--
-- Name: playlist p_pid; Type: DEFAULT; Schema: public; Owner: postgres
--

ALTER TABLE ONLY public.playlist ALTER COLUMN p_pid SET DEFAULT nextval('public.playlist_p_pid_seq'::regclass);


--
-- Name: users u_uid; Type: DEFAULT; Schema: public; Owner: postgres
--

ALTER TABLE ONLY public.users ALTER COLUMN u_uid SET DEFAULT nextval('public.users_u_uid_seq'::regclass);


--
-- Data for Name: album; Type: TABLE DATA; Schema: public; Owner: postgres
--

COPY public.album (al_alid, al_name, al_aid) FROM stdin;
2	Graduation	2
5	Everything I Know About Love	4
6	Paradise EP	1
4	ASTROWORLD	3
3	UTOPIA	3
1	PHASES	1
8	DONT TRY THIS	1
7	BELIEVE IN ME WHO BELIEVES IN YOU	5
\.


--
-- Data for Name: artist; Type: TABLE DATA; Schema: public; Owner: postgres
--

COPY public.artist (a_aid, a_name) FROM stdin;
3	Travis Scott
5	Aries
2	Kanye West
1	Chase Atlantic
4	Laufey
\.


--
-- Data for Name: auth_group; Type: TABLE DATA; Schema: public; Owner: postgres
--

COPY public.auth_group (id, name) FROM stdin;
\.


--
-- Data for Name: auth_group_permissions; Type: TABLE DATA; Schema: public; Owner: postgres
--

COPY public.auth_group_permissions (id, group_id, permission_id) FROM stdin;
\.


--
-- Data for Name: auth_permission; Type: TABLE DATA; Schema: public; Owner: postgres
--

COPY public.auth_permission (id, name, content_type_id, codename) FROM stdin;
1	Can add log entry	1	add_logentry
2	Can change log entry	1	change_logentry
3	Can delete log entry	1	delete_logentry
4	Can view log entry	1	view_logentry
5	Can add permission	2	add_permission
6	Can change permission	2	change_permission
7	Can delete permission	2	delete_permission
8	Can view permission	2	view_permission
9	Can add group	3	add_group
10	Can change group	3	change_group
11	Can delete group	3	delete_group
12	Can view group	3	view_group
13	Can add user	4	add_user
14	Can change user	4	change_user
15	Can delete user	4	delete_user
16	Can view user	4	view_user
17	Can add content type	5	add_contenttype
18	Can change content type	5	change_contenttype
19	Can delete content type	5	delete_contenttype
20	Can view content type	5	view_contenttype
21	Can add session	6	add_session
22	Can change session	6	change_session
23	Can delete session	6	delete_session
24	Can view session	6	view_session
25	Can add album	7	add_album
26	Can change album	7	change_album
27	Can delete album	7	delete_album
28	Can view album	7	view_album
29	Can add artist	8	add_artist
30	Can change artist	8	change_artist
31	Can delete artist	8	delete_artist
32	Can view artist	8	view_artist
33	Can add auth group	9	add_authgroup
34	Can change auth group	9	change_authgroup
35	Can delete auth group	9	delete_authgroup
36	Can view auth group	9	view_authgroup
37	Can add auth group permissions	10	add_authgrouppermissions
38	Can change auth group permissions	10	change_authgrouppermissions
39	Can delete auth group permissions	10	delete_authgrouppermissions
40	Can view auth group permissions	10	view_authgrouppermissions
41	Can add auth permission	11	add_authpermission
42	Can change auth permission	11	change_authpermission
43	Can delete auth permission	11	delete_authpermission
44	Can view auth permission	11	view_authpermission
45	Can add auth user	12	add_authuser
46	Can change auth user	12	change_authuser
47	Can delete auth user	12	delete_authuser
48	Can view auth user	12	view_authuser
49	Can add auth user groups	13	add_authusergroups
50	Can change auth user groups	13	change_authusergroups
51	Can delete auth user groups	13	delete_authusergroups
52	Can view auth user groups	13	view_authusergroups
53	Can add auth user user permissions	14	add_authuseruserpermissions
54	Can change auth user user permissions	14	change_authuseruserpermissions
55	Can delete auth user user permissions	14	delete_authuseruserpermissions
56	Can view auth user user permissions	14	view_authuseruserpermissions
57	Can add csv	15	add_csv
58	Can change csv	15	change_csv
59	Can delete csv	15	delete_csv
60	Can view csv	15	view_csv
61	Can add django admin log	16	add_djangoadminlog
62	Can change django admin log	16	change_djangoadminlog
63	Can delete django admin log	16	delete_djangoadminlog
64	Can view django admin log	16	view_djangoadminlog
65	Can add django content type	17	add_djangocontenttype
66	Can change django content type	17	change_djangocontenttype
67	Can delete django content type	17	delete_djangocontenttype
68	Can view django content type	17	view_djangocontenttype
69	Can add django migrations	18	add_djangomigrations
70	Can change django migrations	18	change_djangomigrations
71	Can delete django migrations	18	delete_djangomigrations
72	Can view django migrations	18	view_djangomigrations
73	Can add django session	19	add_djangosession
74	Can change django session	19	change_djangosession
75	Can delete django session	19	delete_djangosession
76	Can view django session	19	view_djangosession
77	Can add playlist	20	add_playlist
78	Can change playlist	20	change_playlist
79	Can delete playlist	20	delete_playlist
80	Can view playlist	20	view_playlist
81	Can add playsong	21	add_playsong
82	Can change playsong	21	change_playsong
83	Can delete playsong	21	delete_playsong
84	Can view playsong	21	view_playsong
85	Can add song	22	add_song
86	Can change song	22	change_song
87	Can delete song	22	delete_song
88	Can view song	22	view_song
89	Can add users	23	add_users
90	Can change users	23	change_users
91	Can delete users	23	delete_users
92	Can view users	23	view_users
\.


--
-- Data for Name: auth_user; Type: TABLE DATA; Schema: public; Owner: postgres
--

COPY public.auth_user (id, password, last_login, is_superuser, username, first_name, last_name, email, is_staff, is_active, date_joined) FROM stdin;
1	pbkdf2_sha256$600000$MFzJZcbNGofoqjgGSe9BY4$LijXmgW2IM7sSGmGSixQV9p31IR2Cp5nhrsVtVtVcVE=	2023-12-04 19:36:16.311788-07	f	michaelrejo				f	t	2023-12-04 19:36:06.772403-07
3	pbkdf2_sha256$600000$u5Dr17ds1Fj7coS64BfNAJ$tFVO2i2gee03tApDHKt5kuQ2gQsWEUgGsOwu9QwicHw=	2023-12-04 20:03:38.449848-07	f	demouser				f	t	2023-12-04 20:03:29.650427-07
2	pbkdf2_sha256$600000$MdUJg4MPhHRnT3mnxxYgFb$5CX7DZ7ORNm4kaV0jm/wiXyeWSyr6Y8mb8iRywJV1m0=	2023-12-04 20:06:56.50604-07	f	newuser				f	t	2023-12-04 19:58:27.161912-07
\.


--
-- Data for Name: auth_user_groups; Type: TABLE DATA; Schema: public; Owner: postgres
--

COPY public.auth_user_groups (id, user_id, group_id) FROM stdin;
\.


--
-- Data for Name: auth_user_user_permissions; Type: TABLE DATA; Schema: public; Owner: postgres
--

COPY public.auth_user_user_permissions (id, user_id, permission_id) FROM stdin;
\.


--
-- Data for Name: csv; Type: TABLE DATA; Schema: public; Owner: postgres
--

COPY public.csv (id, name, album_id, album, artist_id, artists, track_number, explicit, danceability) FROM stdin;
1	INTRO	1	PHASES	1	Chase Atlantic	1	f	0.03
2	ANGELS	1	PHASES	1	Chase Atlantic	2	f	0.46
3	PHASES	1	PHASES	1	Chase Atlantic	3	f	0.05
4	LOVE IS (NOT) EASY	1	PHASES	1	Chase Atlantic	4	f	0.37
5	HER	1	PHASES	1	Chase Atlantic	5	t	0.09
6	NO RAINBOWS	1	PHASES	1	Chase Atlantic	6	f	0.56
7	HEAVEN AND BACK	1	PHASES	1	Chase Atlantic	7	f	0.6
8	STUCKINMYBRAIN	1	PHASES	1	Chase Atlantic	8	f	0.98
9	EVEN THOUGH I'M DEPRESSED	1	PHASES	1	Chase Atlantic	9	t	0.7
10	TOO LATE	1	PHASES	1	Chase Atlantic	10	t	0.75
11	I NEVER EXISTED	1	PHASES	1	Chase Atlantic	11	f	0.68
12	I DONT LIKE DARKNESS	1	PHASES	1	Chase Atlantic	12	f	0.62
13	Good Morning	2	Graduation	2	Kanye West	1	t	0.36
14	Champion	2	Graduation	2	Kanye West	2	t	0.54
15	Stronger	2	Graduation	2	Kanye West	3	t	0.66
16	I Wonder	2	Graduation	2	Kanye West	4	t	0.56
17	Good Life	2	Graduation	2	Kanye West	5	t	0.07
18	Can't Tell Me Nothing	2	Graduation	2	Kanye West	6	t	0.41
19	Barry Bonds	2	Graduation	2	Kanye West	7	t	0.9
20	DAHG	2	Graduation	2	Kanye West	8	t	0.42
21	Flashing Lights	2	Graduation	2	Kanye West	9	t	0.03
22	Everything I Am	2	Graduation	2	Kanye West	10	t	0.85
23	The Glory	2	Graduation	2	Kanye West	11	t	0.33
24	Homecoming	2	Graduation	2	Kanye West	12	t	0.92
25	Big Brother	2	Graduation	2	Kanye West	13	t	0.78
26	Good Night	2	Graduation	2	Kanye West	14	t	0.56
27	HYAENA	3	UTOPIA	3	Travis Scott	1	t	0.19
28	THANK GOD	3	UTOPIA	3	Travis Scott	2	t	0.56
29	MODERN JAM	3	UTOPIA	3	Travis Scott	3	t	0.66
30	MY EYES	3	UTOPIA	3	Travis Scott	4	t	0.97
31	GOD'S COUNTRY	3	UTOPIA	3	Travis Scott	5	t	0.31
32	SIRENS	3	UTOPIA	3	Travis Scott	6	t	0.99
33	MELTDOWN	3	UTOPIA	3	Travis Scott	7	t	0.17
34	FEIN	3	UTOPIA	3	Travis Scott	8	t	0.03
35	DELRESTO (ECHOES)	3	UTOPIA	3	Travis Scott	9	f	0.88
36	I KNOW ?	3	UTOPIA	3	Travis Scott	10	t	0.18
37	TOPIA TWINS	3	UTOPIA	3	Travis Scott	11	t	0.62
38	CIRCUS MAXIMUS	3	UTOPIA	3	Travis Scott	12	t	0.19
39	PARASAIL	3	UTOPIA	3	Travis Scott	13	f	0.92
40	SKITZO	3	UTOPIA	3	Travis Scott	14	t	0.99
41	LOST FOREVER	3	UTOPIA	3	Travis Scott	15	t	0.69
42	LOOOVE	3	UTOPIA	3	Travis Scott	16	t	0.67
43	K-POP	3	UTOPIA	3	Travis Scott	17	t	0.5
44	TELEKINESIS	3	UTOPIA	3	Travis Scott	18	t	0.36
45	TIL FURTHER NOTICE	3	UTOPIA	3	Travis Scott	19	t	0.81
46	STARGAZING	4	ASTROWORLD	3	Travis Scott	1	t	0.06
47	CAROUSEL	4	ASTROWORLD	3	Travis Scott	2	t	0.98
48	SICKO MODE	4	ASTROWORLD	3	Travis Scott	3	t	0.09
49	R.I.P SCREW	4	ASTROWORLD	3	Travis Scott	4	t	0.96
50	STOP TRYING TO BE GOD	4	ASTROWORLD	3	Travis Scott	5	t	0.62
51	NO BYSTANDERS	4	ASTROWORLD	3	Travis Scott	6	t	0.4
52	SKELETONS	4	ASTROWORLD	3	Travis Scott	7	t	0.38
53	WAKE UP	4	ASTROWORLD	3	Travis Scott	8	t	0.74
54	5 PERCENT TINT	4	ASTROWORLD	3	Travis Scott	9	t	0.37
55	NC 17	4	ASTROWORLD	3	Travis Scott	10	t	0.62
56	ASTROTHUNDER	4	ASTROWORLD	3	Travis Scott	11	t	0.63
57	YOSEMITE	4	ASTROWORLD	3	Travis Scott	12	t	0.27
58	CANT SAY	4	ASTROWORLD	3	Travis Scott	13	t	0.9
59	WHO WHAT	4	ASTROWORLD	3	Travis Scott	14	t	0.5
60	BUTTERFLY EFFECT	4	ASTROWORLD	3	Travis Scott	15	t	0.7
61	HOUSTONFORNICATION	4	ASTROWORLD	3	Travis Scott	16	t	0.77
62	COFFEE BEAN	4	ASTROWORLD	3	Travis Scott	17	t	0.11
63	Fraglie	5	Everything I Know About Love	4	Laufey	1	f	0.03
64	Beautiful Stranger	5	Everything I Know About Love	4	Laufey	2	f	0.93
65	Valentine	5	Everything I Know About Love	4	Laufey	3	f	0.56
66	Above The Chinese Restraunt	5	Everything I Know About Love	4	Laufey	4	f	0.54
67	Dear Soulmate	5	Everything I Know About Love	4	Laufey	5	f	0.22
68	What Love Will Do to You	5	Everything I Know About Love	4	Laufey	6	f	0.26
69	Ive Never Been In Love Before	5	Everything I Know About Love	4	Laufey	7	f	0.55
70	Just Like Chet	5	Everything I Know About Love	4	Laufey	8	f	0.72
71	Everything I Know About Love	5	Everything I Know About Love	4	Laufey	9	f	0.08
72	Falling Behind	5	Everything I Know About Love	4	Laufey	10	f	0.55
73	Hi	5	Everything I Know About Love	4	Laufey	11	f	0.03
74	Dance With You Tonight	5	Everything I Know About Love	4	Laufey	12	f	0.01
75	Night Light	5	Everything I Know About Love	4	Laufey	13	f	0.87
76	Slow Down	5	Everything I Know About Love	4	Laufey	14	f	0.69
77	Lucky For Me	5	Everything I Know About Love	4	Laufey	15	f	0.27
78	Questions For The Universe	5	Everything I Know About Love	4	Laufey	16	f	0.69
79	Paradise	6	Paradise EP	1	Chase Atlantic	1	t	0.66
80	Slow Down	6	Paradise EP	1	Chase Atlantic	2	t	0.66
81	Moonlight	6	Paradise EP	1	Chase Atlantic	3	f	0.05
82	Obsessive	6	Paradise EP	1	Chase Atlantic	4	f	0.86
83	Falling	6	Paradise EP	1	Chase Atlantic	5	t	0.1
84	BOUNTY HUNTER	7	BELIEVE IN ME WHO BELIEVES IN YOU	5	Aries	1	t	0.58
85	FOOLS GOLD	7	BELIEVE IN ME WHO BELIEVES IN YOU	5	Aries	2	f	0.08
86	RIDING	7	BELIEVE IN ME WHO BELIEVES IN YOU	5	Aries	3	t	0.26
87	ETA	7	BELIEVE IN ME WHO BELIEVES IN YOU	5	Aries	4	t	0.98
88	ONE PUNCH	7	BELIEVE IN ME WHO BELIEVES IN YOU	5	Aries	5	t	0.79
89	EASY	7	BELIEVE IN ME WHO BELIEVES IN YOU	5	Aries	6	t	0.91
90	KIDS ON MOLLY	7	BELIEVE IN ME WHO BELIEVES IN YOU	5	Aries	7	t	0.68
91	HOW RUDE	7	BELIEVE IN ME WHO BELIEVES IN YOU	5	Aries	8	t	0.26
92	DITTO	7	BELIEVE IN ME WHO BELIEVES IN YOU	5	Aries	9	t	0.78
93	DESPERADO	7	BELIEVE IN ME WHO BELIEVES IN YOU	5	Aries	10	f	0.76
94	OUTDATED	7	BELIEVE IN ME WHO BELIEVES IN YOU	5	Aries	11	t	0.75
95	WHEN THE LIGHTS GO OUT	7	BELIEVE IN ME WHO BELIEVES IN YOU	5	Aries	12	t	0.16
96	WHAT U CALL THAT	8	DONT TRY THIS	1	Chase Atlantic	1	f	0.07
97	YOU TOO	8	DONT TRY THIS	1	Chase Atlantic	2	t	0.64
98	LIKE A ROCKSTAR	8	DONT TRY THIS	1	Chase Atlantic	3	t	0.85
99	DEVILISH	8	DONT TRY THIS	1	Chase Atlantic	4	t	0.65
100	GREENGREENGREEN	8	DONT TRY THIS	1	Chase Atlantic	5	t	0.58
101	LUST	8	DONT TRY THIS	1	Chase Atlantic	6	t	0.7
\.


--
-- Data for Name: django_admin_log; Type: TABLE DATA; Schema: public; Owner: postgres
--

COPY public.django_admin_log (id, action_time, object_id, object_repr, action_flag, change_message, content_type_id, user_id) FROM stdin;
\.


--
-- Data for Name: django_content_type; Type: TABLE DATA; Schema: public; Owner: postgres
--

COPY public.django_content_type (id, app_label, model) FROM stdin;
1	admin	logentry
2	auth	permission
3	auth	group
4	auth	user
5	contenttypes	contenttype
6	sessions	session
7	libapp	album
8	libapp	artist
9	libapp	authgroup
10	libapp	authgrouppermissions
11	libapp	authpermission
12	libapp	authuser
13	libapp	authusergroups
14	libapp	authuseruserpermissions
15	libapp	csv
16	libapp	djangoadminlog
17	libapp	djangocontenttype
18	libapp	djangomigrations
19	libapp	djangosession
20	libapp	playlist
21	libapp	playsong
22	libapp	song
23	libapp	users
\.


--
-- Data for Name: django_migrations; Type: TABLE DATA; Schema: public; Owner: postgres
--

COPY public.django_migrations (id, app, name, applied) FROM stdin;
1	contenttypes	0001_initial	2023-12-04 19:33:25.170176-07
2	auth	0001_initial	2023-12-04 19:33:25.25265-07
3	admin	0001_initial	2023-12-04 19:33:25.269576-07
4	admin	0002_logentry_remove_auto_add	2023-12-04 19:33:25.276823-07
5	admin	0003_logentry_add_action_flag_choices	2023-12-04 19:33:25.284829-07
6	contenttypes	0002_remove_content_type_name	2023-12-04 19:33:25.301099-07
7	auth	0002_alter_permission_name_max_length	2023-12-04 19:33:25.30948-07
8	auth	0003_alter_user_email_max_length	2023-12-04 19:33:25.30948-07
9	auth	0004_alter_user_username_opts	2023-12-04 19:33:25.323779-07
10	auth	0005_alter_user_last_login_null	2023-12-04 19:33:25.325168-07
11	auth	0006_require_contenttypes_0002	2023-12-04 19:33:25.325168-07
12	auth	0007_alter_validators_add_error_messages	2023-12-04 19:33:25.33324-07
13	auth	0008_alter_user_username_max_length	2023-12-04 19:33:25.34978-07
14	auth	0009_alter_user_last_name_max_length	2023-12-04 19:33:25.357284-07
15	auth	0010_alter_group_name_max_length	2023-12-04 19:33:25.367761-07
16	auth	0011_update_proxy_permissions	2023-12-04 19:33:25.373765-07
17	auth	0012_alter_user_first_name_max_length	2023-12-04 19:33:25.381878-07
18	libapp	0001_initial	2023-12-04 19:33:25.398276-07
19	sessions	0001_initial	2023-12-04 19:33:25.414323-07
\.


--
-- Data for Name: django_session; Type: TABLE DATA; Schema: public; Owner: postgres
--

COPY public.django_session (session_key, session_data, expire_date) FROM stdin;
\.


--
-- Data for Name: playlist; Type: TABLE DATA; Schema: public; Owner: postgres
--

COPY public.playlist (p_pid, p_name, p_uid) FROM stdin;
1	Chill Playlist	1
3	chill playlist	2
5	super hype playlist	3
\.


--
-- Data for Name: playsong; Type: TABLE DATA; Schema: public; Owner: postgres
--

COPY public.playsong (ps_pid, ps_sid) FROM stdin;
3	72
3	71
3	28
3	1
5	27
5	29
5	64
5	67
5	1
5	3
\.


--
-- Data for Name: song; Type: TABLE DATA; Schema: public; Owner: postgres
--

COPY public.song (s_sid, s_name, s_tracknum, s_explicit, s_danceability, s_alid) FROM stdin;
1	INTRO	1	f	0.03	1
2	ANGELS	2	f	0.46	1
3	PHASES	3	f	0.05	1
4	LOVE IS (NOT) EASY	4	f	0.37	1
5	HER	5	t	0.09	1
6	NO RAINBOWS	6	f	0.56	1
7	HEAVEN AND BACK	7	f	0.6	1
8	STUCKINMYBRAIN	8	f	0.98	1
9	EVEN THOUGH I'M DEPRESSED	9	t	0.7	1
10	TOO LATE	10	t	0.75	1
11	I NEVER EXISTED	11	f	0.68	1
12	I DONT LIKE DARKNESS	12	f	0.62	1
13	Good Morning	1	t	0.36	2
14	Champion	2	t	0.54	2
15	Stronger	3	t	0.66	2
16	I Wonder	4	t	0.56	2
17	Good Life	5	t	0.07	2
18	Can't Tell Me Nothing	6	t	0.41	2
19	Barry Bonds	7	t	0.9	2
20	DAHG	8	t	0.42	2
21	Flashing Lights	9	t	0.03	2
22	Everything I Am	10	t	0.85	2
23	The Glory	11	t	0.33	2
24	Homecoming	12	t	0.92	2
25	Big Brother	13	t	0.78	2
26	Good Night	14	t	0.56	2
27	HYAENA	1	t	0.19	3
28	THANK GOD	2	t	0.56	3
29	MODERN JAM	3	t	0.66	3
30	MY EYES	4	t	0.97	3
31	GOD'S COUNTRY	5	t	0.31	3
32	SIRENS	6	t	0.99	3
33	MELTDOWN	7	t	0.17	3
34	FEIN	8	t	0.03	3
35	DELRESTO (ECHOES)	9	f	0.88	3
36	I KNOW ?	10	t	0.18	3
37	TOPIA TWINS	11	t	0.62	3
38	CIRCUS MAXIMUS	12	t	0.19	3
39	PARASAIL	13	f	0.92	3
40	SKITZO	14	t	0.99	3
41	LOST FOREVER	15	t	0.69	3
42	LOOOVE	16	t	0.67	3
43	K-POP	17	t	0.5	3
44	TELEKINESIS	18	t	0.36	3
45	TIL FURTHER NOTICE	19	t	0.81	3
46	STARGAZING	1	t	0.06	4
47	CAROUSEL	2	t	0.98	4
48	SICKO MODE	3	t	0.09	4
49	R.I.P SCREW	4	t	0.96	4
50	STOP TRYING TO BE GOD	5	t	0.62	4
51	NO BYSTANDERS	6	t	0.4	4
52	SKELETONS	7	t	0.38	4
53	WAKE UP	8	t	0.74	4
54	5 PERCENT TINT	9	t	0.37	4
55	NC 17	10	t	0.62	4
56	ASTROTHUNDER	11	t	0.63	4
57	YOSEMITE	12	t	0.27	4
58	CANT SAY	13	t	0.9	4
59	WHO WHAT	14	t	0.5	4
60	BUTTERFLY EFFECT	15	t	0.7	4
61	HOUSTONFORNICATION	16	t	0.77	4
62	COFFEE BEAN	17	t	0.11	4
63	Fraglie	1	f	0.03	5
64	Beautiful Stranger	2	f	0.93	5
65	Valentine	3	f	0.56	5
66	Above The Chinese Restraunt	4	f	0.54	5
67	Dear Soulmate	5	f	0.22	5
68	What Love Will Do to You	6	f	0.26	5
69	Ive Never Been In Love Before	7	f	0.55	5
70	Just Like Chet	8	f	0.72	5
71	Everything I Know About Love	9	f	0.08	5
72	Falling Behind	10	f	0.55	5
73	Hi	11	f	0.03	5
74	Dance With You Tonight	12	f	0.01	5
75	Night Light	13	f	0.87	5
76	Slow Down	14	f	0.69	5
77	Lucky For Me	15	f	0.27	5
78	Questions For The Universe	16	f	0.69	5
79	Paradise	1	t	0.66	6
80	Slow Down	2	t	0.66	6
81	Moonlight	3	f	0.05	6
82	Obsessive	4	f	0.86	6
83	Falling	5	t	0.1	6
84	BOUNTY HUNTER	1	t	0.58	7
85	FOOLS GOLD	2	f	0.08	7
86	RIDING	3	t	0.26	7
87	ETA	4	t	0.98	7
88	ONE PUNCH	5	t	0.79	7
89	EASY	6	t	0.91	7
90	KIDS ON MOLLY	7	t	0.68	7
91	HOW RUDE	8	t	0.26	7
92	DITTO	9	t	0.78	7
93	DESPERADO	10	f	0.76	7
94	OUTDATED	11	t	0.75	7
95	WHEN THE LIGHTS GO OUT	12	t	0.16	7
96	WHAT U CALL THAT	1	f	0.07	8
97	YOU TOO	2	t	0.64	8
98	LIKE A ROCKSTAR	3	t	0.85	8
99	DEVILISH	4	t	0.65	8
100	GREENGREENGREEN	5	t	0.58	8
101	LUST	6	t	0.7	8
\.


--
-- Data for Name: users; Type: TABLE DATA; Schema: public; Owner: postgres
--

COPY public.users (u_uid, u_username, u_password) FROM stdin;
1	michaelrejo	thisisapassword
2	newuser	thisisapassword
3	demouser	thisisapassword
\.


--
-- Name: auth_group_id_seq; Type: SEQUENCE SET; Schema: public; Owner: postgres
--

SELECT pg_catalog.setval('public.auth_group_id_seq', 1, false);


--
-- Name: auth_group_permissions_id_seq; Type: SEQUENCE SET; Schema: public; Owner: postgres
--

SELECT pg_catalog.setval('public.auth_group_permissions_id_seq', 1, false);


--
-- Name: auth_permission_id_seq; Type: SEQUENCE SET; Schema: public; Owner: postgres
--

SELECT pg_catalog.setval('public.auth_permission_id_seq', 92, true);


--
-- Name: auth_user_groups_id_seq; Type: SEQUENCE SET; Schema: public; Owner: postgres
--

SELECT pg_catalog.setval('public.auth_user_groups_id_seq', 1, false);


--
-- Name: auth_user_id_seq; Type: SEQUENCE SET; Schema: public; Owner: postgres
--

SELECT pg_catalog.setval('public.auth_user_id_seq', 3, true);


--
-- Name: auth_user_user_permissions_id_seq; Type: SEQUENCE SET; Schema: public; Owner: postgres
--

SELECT pg_catalog.setval('public.auth_user_user_permissions_id_seq', 1, false);


--
-- Name: django_admin_log_id_seq; Type: SEQUENCE SET; Schema: public; Owner: postgres
--

SELECT pg_catalog.setval('public.django_admin_log_id_seq', 1, false);


--
-- Name: django_content_type_id_seq; Type: SEQUENCE SET; Schema: public; Owner: postgres
--

SELECT pg_catalog.setval('public.django_content_type_id_seq', 23, true);


--
-- Name: django_migrations_id_seq; Type: SEQUENCE SET; Schema: public; Owner: postgres
--

SELECT pg_catalog.setval('public.django_migrations_id_seq', 19, true);


--
-- Name: playlist_p_pid_seq; Type: SEQUENCE SET; Schema: public; Owner: postgres
--

SELECT pg_catalog.setval('public.playlist_p_pid_seq', 5, true);


--
-- Name: users_u_uid_seq; Type: SEQUENCE SET; Schema: public; Owner: postgres
--

SELECT pg_catalog.setval('public.users_u_uid_seq', 3, true);


--
-- Name: album album_pkey; Type: CONSTRAINT; Schema: public; Owner: postgres
--

ALTER TABLE ONLY public.album
    ADD CONSTRAINT album_pkey PRIMARY KEY (al_alid);


--
-- Name: artist artist_pkey; Type: CONSTRAINT; Schema: public; Owner: postgres
--

ALTER TABLE ONLY public.artist
    ADD CONSTRAINT artist_pkey PRIMARY KEY (a_aid);


--
-- Name: auth_group auth_group_name_key; Type: CONSTRAINT; Schema: public; Owner: postgres
--

ALTER TABLE ONLY public.auth_group
    ADD CONSTRAINT auth_group_name_key UNIQUE (name);


--
-- Name: auth_group_permissions auth_group_permissions_group_id_permission_id_0cd325b0_uniq; Type: CONSTRAINT; Schema: public; Owner: postgres
--

ALTER TABLE ONLY public.auth_group_permissions
    ADD CONSTRAINT auth_group_permissions_group_id_permission_id_0cd325b0_uniq UNIQUE (group_id, permission_id);


--
-- Name: auth_group_permissions auth_group_permissions_pkey; Type: CONSTRAINT; Schema: public; Owner: postgres
--

ALTER TABLE ONLY public.auth_group_permissions
    ADD CONSTRAINT auth_group_permissions_pkey PRIMARY KEY (id);


--
-- Name: auth_group auth_group_pkey; Type: CONSTRAINT; Schema: public; Owner: postgres
--

ALTER TABLE ONLY public.auth_group
    ADD CONSTRAINT auth_group_pkey PRIMARY KEY (id);


--
-- Name: auth_permission auth_permission_content_type_id_codename_01ab375a_uniq; Type: CONSTRAINT; Schema: public; Owner: postgres
--

ALTER TABLE ONLY public.auth_permission
    ADD CONSTRAINT auth_permission_content_type_id_codename_01ab375a_uniq UNIQUE (content_type_id, codename);


--
-- Name: auth_permission auth_permission_pkey; Type: CONSTRAINT; Schema: public; Owner: postgres
--

ALTER TABLE ONLY public.auth_permission
    ADD CONSTRAINT auth_permission_pkey PRIMARY KEY (id);


--
-- Name: auth_user_groups auth_user_groups_pkey; Type: CONSTRAINT; Schema: public; Owner: postgres
--

ALTER TABLE ONLY public.auth_user_groups
    ADD CONSTRAINT auth_user_groups_pkey PRIMARY KEY (id);


--
-- Name: auth_user_groups auth_user_groups_user_id_group_id_94350c0c_uniq; Type: CONSTRAINT; Schema: public; Owner: postgres
--

ALTER TABLE ONLY public.auth_user_groups
    ADD CONSTRAINT auth_user_groups_user_id_group_id_94350c0c_uniq UNIQUE (user_id, group_id);


--
-- Name: auth_user auth_user_pkey; Type: CONSTRAINT; Schema: public; Owner: postgres
--

ALTER TABLE ONLY public.auth_user
    ADD CONSTRAINT auth_user_pkey PRIMARY KEY (id);


--
-- Name: auth_user_user_permissions auth_user_user_permissions_pkey; Type: CONSTRAINT; Schema: public; Owner: postgres
--

ALTER TABLE ONLY public.auth_user_user_permissions
    ADD CONSTRAINT auth_user_user_permissions_pkey PRIMARY KEY (id);


--
-- Name: auth_user_user_permissions auth_user_user_permissions_user_id_permission_id_14a6b632_uniq; Type: CONSTRAINT; Schema: public; Owner: postgres
--

ALTER TABLE ONLY public.auth_user_user_permissions
    ADD CONSTRAINT auth_user_user_permissions_user_id_permission_id_14a6b632_uniq UNIQUE (user_id, permission_id);


--
-- Name: auth_user auth_user_username_key; Type: CONSTRAINT; Schema: public; Owner: postgres
--

ALTER TABLE ONLY public.auth_user
    ADD CONSTRAINT auth_user_username_key UNIQUE (username);


--
-- Name: csv csv_pkey; Type: CONSTRAINT; Schema: public; Owner: postgres
--

ALTER TABLE ONLY public.csv
    ADD CONSTRAINT csv_pkey PRIMARY KEY (id);


--
-- Name: django_admin_log django_admin_log_pkey; Type: CONSTRAINT; Schema: public; Owner: postgres
--

ALTER TABLE ONLY public.django_admin_log
    ADD CONSTRAINT django_admin_log_pkey PRIMARY KEY (id);


--
-- Name: django_content_type django_content_type_app_label_model_76bd3d3b_uniq; Type: CONSTRAINT; Schema: public; Owner: postgres
--

ALTER TABLE ONLY public.django_content_type
    ADD CONSTRAINT django_content_type_app_label_model_76bd3d3b_uniq UNIQUE (app_label, model);


--
-- Name: django_content_type django_content_type_pkey; Type: CONSTRAINT; Schema: public; Owner: postgres
--

ALTER TABLE ONLY public.django_content_type
    ADD CONSTRAINT django_content_type_pkey PRIMARY KEY (id);


--
-- Name: django_migrations django_migrations_pkey; Type: CONSTRAINT; Schema: public; Owner: postgres
--

ALTER TABLE ONLY public.django_migrations
    ADD CONSTRAINT django_migrations_pkey PRIMARY KEY (id);


--
-- Name: django_session django_session_pkey; Type: CONSTRAINT; Schema: public; Owner: postgres
--

ALTER TABLE ONLY public.django_session
    ADD CONSTRAINT django_session_pkey PRIMARY KEY (session_key);


--
-- Name: playlist playlist_pkey; Type: CONSTRAINT; Schema: public; Owner: postgres
--

ALTER TABLE ONLY public.playlist
    ADD CONSTRAINT playlist_pkey PRIMARY KEY (p_pid);


--
-- Name: playsong playsong_pkey; Type: CONSTRAINT; Schema: public; Owner: postgres
--

ALTER TABLE ONLY public.playsong
    ADD CONSTRAINT playsong_pkey PRIMARY KEY (ps_pid, ps_sid);


--
-- Name: song song_pkey; Type: CONSTRAINT; Schema: public; Owner: postgres
--

ALTER TABLE ONLY public.song
    ADD CONSTRAINT song_pkey PRIMARY KEY (s_sid);


--
-- Name: users users_pkey; Type: CONSTRAINT; Schema: public; Owner: postgres
--

ALTER TABLE ONLY public.users
    ADD CONSTRAINT users_pkey PRIMARY KEY (u_uid);


--
-- Name: auth_group_name_a6ea08ec_like; Type: INDEX; Schema: public; Owner: postgres
--

CREATE INDEX auth_group_name_a6ea08ec_like ON public.auth_group USING btree (name varchar_pattern_ops);


--
-- Name: auth_group_permissions_group_id_b120cbf9; Type: INDEX; Schema: public; Owner: postgres
--

CREATE INDEX auth_group_permissions_group_id_b120cbf9 ON public.auth_group_permissions USING btree (group_id);


--
-- Name: auth_group_permissions_permission_id_84c5c92e; Type: INDEX; Schema: public; Owner: postgres
--

CREATE INDEX auth_group_permissions_permission_id_84c5c92e ON public.auth_group_permissions USING btree (permission_id);


--
-- Name: auth_permission_content_type_id_2f476e4b; Type: INDEX; Schema: public; Owner: postgres
--

CREATE INDEX auth_permission_content_type_id_2f476e4b ON public.auth_permission USING btree (content_type_id);


--
-- Name: auth_user_groups_group_id_97559544; Type: INDEX; Schema: public; Owner: postgres
--

CREATE INDEX auth_user_groups_group_id_97559544 ON public.auth_user_groups USING btree (group_id);


--
-- Name: auth_user_groups_user_id_6a12ed8b; Type: INDEX; Schema: public; Owner: postgres
--

CREATE INDEX auth_user_groups_user_id_6a12ed8b ON public.auth_user_groups USING btree (user_id);


--
-- Name: auth_user_user_permissions_permission_id_1fbb5f2c; Type: INDEX; Schema: public; Owner: postgres
--

CREATE INDEX auth_user_user_permissions_permission_id_1fbb5f2c ON public.auth_user_user_permissions USING btree (permission_id);


--
-- Name: auth_user_user_permissions_user_id_a95ead1b; Type: INDEX; Schema: public; Owner: postgres
--

CREATE INDEX auth_user_user_permissions_user_id_a95ead1b ON public.auth_user_user_permissions USING btree (user_id);


--
-- Name: auth_user_username_6821ab7c_like; Type: INDEX; Schema: public; Owner: postgres
--

CREATE INDEX auth_user_username_6821ab7c_like ON public.auth_user USING btree (username varchar_pattern_ops);


--
-- Name: django_admin_log_content_type_id_c4bce8eb; Type: INDEX; Schema: public; Owner: postgres
--

CREATE INDEX django_admin_log_content_type_id_c4bce8eb ON public.django_admin_log USING btree (content_type_id);


--
-- Name: django_admin_log_user_id_c564eba6; Type: INDEX; Schema: public; Owner: postgres
--

CREATE INDEX django_admin_log_user_id_c564eba6 ON public.django_admin_log USING btree (user_id);


--
-- Name: django_session_expire_date_a5c62663; Type: INDEX; Schema: public; Owner: postgres
--

CREATE INDEX django_session_expire_date_a5c62663 ON public.django_session USING btree (expire_date);


--
-- Name: django_session_session_key_c0390e0f_like; Type: INDEX; Schema: public; Owner: postgres
--

CREATE INDEX django_session_session_key_c0390e0f_like ON public.django_session USING btree (session_key varchar_pattern_ops);


--
-- Name: album album_al_aid_fkey; Type: FK CONSTRAINT; Schema: public; Owner: postgres
--

ALTER TABLE ONLY public.album
    ADD CONSTRAINT album_al_aid_fkey FOREIGN KEY (al_aid) REFERENCES public.artist(a_aid) ON DELETE CASCADE;


--
-- Name: auth_group_permissions auth_group_permissio_permission_id_84c5c92e_fk_auth_perm; Type: FK CONSTRAINT; Schema: public; Owner: postgres
--

ALTER TABLE ONLY public.auth_group_permissions
    ADD CONSTRAINT auth_group_permissio_permission_id_84c5c92e_fk_auth_perm FOREIGN KEY (permission_id) REFERENCES public.auth_permission(id) DEFERRABLE INITIALLY DEFERRED;


--
-- Name: auth_group_permissions auth_group_permissions_group_id_b120cbf9_fk_auth_group_id; Type: FK CONSTRAINT; Schema: public; Owner: postgres
--

ALTER TABLE ONLY public.auth_group_permissions
    ADD CONSTRAINT auth_group_permissions_group_id_b120cbf9_fk_auth_group_id FOREIGN KEY (group_id) REFERENCES public.auth_group(id) DEFERRABLE INITIALLY DEFERRED;


--
-- Name: auth_permission auth_permission_content_type_id_2f476e4b_fk_django_co; Type: FK CONSTRAINT; Schema: public; Owner: postgres
--

ALTER TABLE ONLY public.auth_permission
    ADD CONSTRAINT auth_permission_content_type_id_2f476e4b_fk_django_co FOREIGN KEY (content_type_id) REFERENCES public.django_content_type(id) DEFERRABLE INITIALLY DEFERRED;


--
-- Name: auth_user_groups auth_user_groups_group_id_97559544_fk_auth_group_id; Type: FK CONSTRAINT; Schema: public; Owner: postgres
--

ALTER TABLE ONLY public.auth_user_groups
    ADD CONSTRAINT auth_user_groups_group_id_97559544_fk_auth_group_id FOREIGN KEY (group_id) REFERENCES public.auth_group(id) DEFERRABLE INITIALLY DEFERRED;


--
-- Name: auth_user_groups auth_user_groups_user_id_6a12ed8b_fk_auth_user_id; Type: FK CONSTRAINT; Schema: public; Owner: postgres
--

ALTER TABLE ONLY public.auth_user_groups
    ADD CONSTRAINT auth_user_groups_user_id_6a12ed8b_fk_auth_user_id FOREIGN KEY (user_id) REFERENCES public.auth_user(id) DEFERRABLE INITIALLY DEFERRED;


--
-- Name: auth_user_user_permissions auth_user_user_permi_permission_id_1fbb5f2c_fk_auth_perm; Type: FK CONSTRAINT; Schema: public; Owner: postgres
--

ALTER TABLE ONLY public.auth_user_user_permissions
    ADD CONSTRAINT auth_user_user_permi_permission_id_1fbb5f2c_fk_auth_perm FOREIGN KEY (permission_id) REFERENCES public.auth_permission(id) DEFERRABLE INITIALLY DEFERRED;


--
-- Name: auth_user_user_permissions auth_user_user_permissions_user_id_a95ead1b_fk_auth_user_id; Type: FK CONSTRAINT; Schema: public; Owner: postgres
--

ALTER TABLE ONLY public.auth_user_user_permissions
    ADD CONSTRAINT auth_user_user_permissions_user_id_a95ead1b_fk_auth_user_id FOREIGN KEY (user_id) REFERENCES public.auth_user(id) DEFERRABLE INITIALLY DEFERRED;


--
-- Name: django_admin_log django_admin_log_content_type_id_c4bce8eb_fk_django_co; Type: FK CONSTRAINT; Schema: public; Owner: postgres
--

ALTER TABLE ONLY public.django_admin_log
    ADD CONSTRAINT django_admin_log_content_type_id_c4bce8eb_fk_django_co FOREIGN KEY (content_type_id) REFERENCES public.django_content_type(id) DEFERRABLE INITIALLY DEFERRED;


--
-- Name: django_admin_log django_admin_log_user_id_c564eba6_fk_auth_user_id; Type: FK CONSTRAINT; Schema: public; Owner: postgres
--

ALTER TABLE ONLY public.django_admin_log
    ADD CONSTRAINT django_admin_log_user_id_c564eba6_fk_auth_user_id FOREIGN KEY (user_id) REFERENCES public.auth_user(id) DEFERRABLE INITIALLY DEFERRED;


--
-- Name: playlist playlist_p_uid_fkey; Type: FK CONSTRAINT; Schema: public; Owner: postgres
--

ALTER TABLE ONLY public.playlist
    ADD CONSTRAINT playlist_p_uid_fkey FOREIGN KEY (p_uid) REFERENCES public.users(u_uid) ON DELETE CASCADE;


--
-- Name: playsong playsong_ps_pid_fkey; Type: FK CONSTRAINT; Schema: public; Owner: postgres
--

ALTER TABLE ONLY public.playsong
    ADD CONSTRAINT playsong_ps_pid_fkey FOREIGN KEY (ps_pid) REFERENCES public.playlist(p_pid) ON DELETE CASCADE;


--
-- Name: playsong playsong_ps_sid_fkey; Type: FK CONSTRAINT; Schema: public; Owner: postgres
--

ALTER TABLE ONLY public.playsong
    ADD CONSTRAINT playsong_ps_sid_fkey FOREIGN KEY (ps_sid) REFERENCES public.song(s_sid) ON DELETE CASCADE;


--
-- Name: song song_s_alid_fkey; Type: FK CONSTRAINT; Schema: public; Owner: postgres
--

ALTER TABLE ONLY public.song
    ADD CONSTRAINT song_s_alid_fkey FOREIGN KEY (s_alid) REFERENCES public.album(al_alid) ON DELETE CASCADE;


--
-- PostgreSQL database dump complete
--

